Towards Arica and Lima, where they deemed
One task more declined, one more footpath untrod,
On dell and glade;
The Faith of our fathers, our hopes, and the love of our isle
At the doorway of his wigwam,
For without Thee I cannot live:
Blown, and I thought, 'It is not Arthur's use
And stamp with honor or with shame
Methinks I see a fair and lovely child
And those thou lovest best shall grieve,
Thou hast saved him, and no other;
Thou hast found what thou desirest,
Guardian-angel knows not
And they that hear them are renewed
The lordly mountains soar in scorn
One gallant thorough-made resolve
Yet this delusion in our hearts we bear:
Seeking the shores forever.
The very hills and solid lands are no more than shadows, or
The eldest Oyster winked his eye,
Around and around us
Above God's world bends Heaven,
that no man then shall be glad
He nourished with much care,
And from hill to hill are seen flying;
O my people! O my brothers! let us choose the
To set hand first unto the roof, and heap the garth around.'
Canterbury, and in that capacity delivered the address of the
Lord, set us free.
So pray you, add my diamonds to her pearls;
fortune knocked at his door and, conspiring with circumstances
And what the men; but give this day to joy.
The motives that led him to march against foes.
With spice; that done, I'll leave thee to thy rest.
Not of gold is born the moonlight!"
In vain from his dire fury strive to hide
Within the foaming valleys swung,
Consider, gentlemen of Nordhausen,
C'est à grands pas et en sueur
From sister States, or foreign kings,
Had blown out the light!
And not in the clouds descending.
Through the lens of History;
Towardes hem that now be grete,
Weighed and exactly measured, and men swear
For the wrong which is wrought as of yore;
Y otras tristes visiones peregrinas.
While fresh sopranos shook the painted sky
Through the clear stream the fishes rise,
But where the right hand's strength? and where
"Up with your sails, my sea-dogs all!
I see him linkin' hame.
Even so these twain spake one to the other, standing in the
Whan that he wiste it was nyh dai,
Or else be patient and forbear;
Now best uncalled." "Come hither, Christian!"
So you with them in equal honour join,
And damning peoples' eyes and guts,
Some soothe the lab'rer's weary toil
Are now become the dust of the hills and ridges.
Red strays of ruined springs.
He keeps a watchful eye upon the whole,
A gold ryng riche and good.
Whig and whey whilst thou lust,
Love and pleasure in his train;
Of love immortal, measureless, unbound!
And thence through Berlin, Dresden, and the like,
One oar was suddenly riven,
She winced when she heeard all their girnin',
To give to them the Song which he in haste had spun."
Chicago sitteth at the northwest gates,
Seeming to plead and speak--
In their old accustomed places."
Just a leaf's life in the wild wood,
When the ill-omened horse o'erleapt Troy's lofty defences,
The Potnian four with rending jaws devoured
"What are the bugles blowin' for?" said Files-on-Parade.
I shall never hear her song,
Like the faint, exquisite music of a dream;
They lived not to retire,
Whom striplings call "renown";
You drive away your God, your God. O, stay!
Harmonious strife,
To those brave warriors, who, with glory fired
And solace to my breast.
When aw see um aw do feel so glad,
The maid, the boat, the boy,
To watch the next nativity
camp; from whence he shortly after privily withdrew himself, and
And with that word sche gan to wepe,
Of thanks for their delight at my return.
. . . Who  summoned those cold faces that begun
Some day you'll look and see not; futile and outcast of men,
Then in the rush he swirled, over she went;
Of God the anger burning;
And all their showes but shadowes, saving she.
And meet to weep
And slowly, as if life were pain,
"Oh no, it is I who am inane."
_Cockal_, a game played with four huckle-bones.
A rural sentry, he from farm and field
Who was the stranger knight, so passing stout;
Claudat Theatrum. Quid morer hactenus
O'er thy head for thy protection.
He hears th' Almighty's word,
To call to the battle thy armies forth:
Where love and thou that lasting bargain made.
May look weel to himsel'!
The duller brown
Which, to pleasure the palate, the victims have chewed.
Is this fair excusing?
Round me reels in the dance
Replied that shade of the Magnanimous,
Unto the Sea-kings.
The clear air for a while--a passing guest,
WHEN he had spoke, the sinner rais'd his hands
Holding a tambourine with its copper hoard
"Nay, better to go cold your whole life long
And as I gat to Bethlehem-town,
Gay and lovely is earth, man's decorate dwelling;
To squabble for a pin or feather
And speaks her fair;
Rivals, at war with each other;
Go now."  And in the halo of her smile,
They took a goat to Simp's Saloon
Stays not the flight that others measure;
_Hoodie-craw_, a blood crow, corbie.
Mild his look, as May-day sunbeams straying
«Que es mi barco mi tesoro...
From her wings, ye men a hundred,
Fer 'em, they come in!
Under clouds or under gleams
Those Lords his friends remounting him againe,
I still, though conscience urg'd' no step advanc'd.
She moves not--from her face the color dies
Baby's been in Sleepyland
To sympathy with hopes and fears it heeded not.
And take the weeds and likeness of a swain
But now such flowers as form'd it, breathe
She sat alone within her room,
As lilies by her burnies growin';
Which elles scholde falle lowe.
Which you last April made!'
So when the Sun in bed,
"O bitter is it to abide
Slow and stolid, yet the children
higher rank among the poets of the world, the chief charm of the
The musick of his name yett soundeth shrill.
Unpunish'd; but he found them all alike
If low spirits we inherit,
A prophecy and intimation,
"Instead of preaching forty year,"
Rushing in spray,
No sweeter tribute could be paid by mortal tongue--
He serves his country; recompenses well
With my mouth open wide, for I always have hoped
And O thou Sacrifice, foredoomed by Zeus;
With open force they threaten to ravage all my land."
The mist in my face,
For the deep silence of high golden noons;
The blessings of a parent's care.
He join'd our vessels in the Lesbian bay,
Clothed on with gold; and at his nod
Indeed he scorned the very thought of "Nay;"
As we pass by the roses,
Welcome, welcome, then...
Who look with sorrow on our plight, and deem
Like God it useth me.
Of lusty bulls; the eighth was glitt'ring brass.
“Of this most daring, and most impious wretch.
At sunrise till the people in far fields,
Or wha wad choose a crown,
For Venus' pearly bite:
Wind blowing brings some fruits to birth and ripens others.
When, and whereof created; for what cause;
Or "Why _don't_ yer sit up straight?"
Is set, in signe of highest soverainty;
Next came the King Eumelus; after whom
"Are bowed in sorrow under pendulous lids,
Listen not to idle questions
Across the bridge, the year of Jubilee,
Study the development of the idea in the same manner as in
Immiscebitur infimae:
And Robin could see which way he went.
And he would tell of cracking cribs and cops and doing time;
Of Otto Brahe, his father, glowered at him.
The turtledove can make its love,
And where theyr selfe ar moste worthy of dyrysion
My soul, filled full with a disdainful ire,
Of tempests on a crag of ice!"
Tapsalteerie the half o' a gate,
And treasures its beautiful past?
"Arise, ye winds, America explore,
known slang phrase of the present day.
New verdure to the green.
Take thy night’s repast with thine own children!”
To give the grass such hair.
No jest is this;
The gesture, the movement begins in _Advent_ and _Celebration_ to
Some small as dolls, some giants grown;
And tyrants take alarm."
Hurrying, crystal as a gleam,
He sampled all her killing store;
I thought your patience had been better tried;
Which that this kniht him hadde told,
And wait upon my henchmen in the hall!"
Like resurrection; saw the face
Erewhile, with lilied crowning, well content
Shot from an angry Southern sun,
To dwell a weeping hermit there!
She o'er my limbs old age and wrinkles shed;
The corpse of Hector trailing in the dust,
Thence she flies and hovers slowly,
An aimless course doth steer.
And Annie's sobbing on my knee!
Dost everlastingly refresh!
'E feels 'is innards 'eavin', 'is bowels givin' way;
William Glen was about six feet in height; his person, which was
Jus' las' wick from Lowhell, Mass.
Never can be joy without its pain.
Their hunger satiate, and their thirst repress'd,
Lost her pocket,
There's a smile on the fruit, and a smile on the flower,
But should there any glances be,
Than for cold water Ethiop or Indian.
The middle of my song.
Down precipices of the dawn
Sudden the Forth came on us--sad of mien,
And a wind was groaning.
The purposes of God to some good end.
For monarchs ill can rivals brook,
night,
heart, he dashed on to Williamsburg.
If Hiram, my brother, for company stayed.
And there is Elpsie's hut! What did she mean?"
What ringlets discover
Nor is't a favour of inferior strain,
Benignest kinship bids respond,
Where are an hundred doors to come, an hundred mouths to go,
Like steadfast stars in the blue vault of night,
And bide with her thou luvis best!
Weaving her vernal wreath,
O sing unto this glittering, glorious king,
Turn us out to play!
None was, but from the Earth a dewie Mist
Threatening, coming nearer, piercing deeper
Of pealing drums, he shook the ground,
Home, name, and life for Freedom's sake.
Too many hands have stroked Helena's hair.
The lost youth I recall with its pure peace of mind?
We're sport for the sun and rain;
And ask the world if this be right:
Spake the hero, Lemminkainen:
Now clust'ring, and anon 'mid vernal flow'rs,
For they depart, but the books remain;
Thou'rt ay sae free informing me
Brother to Death, in silent darkness born,
Growing rosier day by day
And trembled at the homely name
And the salt sea it came in.
As we pass the old Brick Chapel our eye is sometimes arrested by
The miser that wanders besides buried treasure,
island.
"Not so, but here," the other said.
And thus my hat blew off.
The Pong, not to mention the Ping!
The sights and sounds that sink and fall,
"Thou comest unto me!--thou, who didst leave
And there are some whose tender feet are pierced
And then sometimes other some
’Twas done without reason, for leaving the season
I cried the secret between two universes . . .
Ipse Deus verbum tu quoque, Christe, cadis.
Of horrors of Wyoming's vale,
Upwards would be for ever lost."  This said,
Or wind's bright signal to the ear,
and his tousled shock of hair;
Make prayer to Juno in due wise; o'ercome her wrath and threats
The squires to do her pleasure made promise to the queen.
By him, alas! now falsely broken.
My rule a usurpation. God, am I
His wo, his pleynt, his langour, and his pyne?
Says to her that loves him well,
And Beauty immortal awakes from the tomb!
Nay! rather let me hear some lively air,
To find the place of souls that I desire.
Divinely through all hindrance finds the man
Ere the birds to the south had flown,
See, man with man in deadly combat join,
Now with his wings he plays with me,
He heard the cymbals clash amid the crowd
Aloft in air unseen, and mix'd with night.
Leaving the seat whereon they found him plac'd;
And with his breath he maketh the red pale
Where, risen from a doubtful seat and half attainted stall,
A rosebud set with little wilful thorns,
What can it be but love, Maud;
Dropping like the clothes of corpses cast up by the seas.
May guide his way, or soon or late,
Soft their yoke ever is, and all their burdens are light.
Her skin was rosy copper-red.
Mab will pinch her by the toe.
Look up Calantha; for, befal what may,
One half my wish, and curb thee to my will,
No, it is this, invariably:
Evenings we knew,
Land of Rainbow's-End, The
Are quite de trop, I'm thinking;
Near the Tunxis winding southward,
Now you could not blot that beginning
Thou, too, art near!
constructive kind. He had put in him a share of that vital
Is writing down the marriage vow.
From the blue, bright eyes.
Saying the King of all beasts make I thee;
And hands that tremble so they cannot hold.
As that such birds should keep the temple clean;
We were thus invited,--that is, we had as strict a summons as any
So the goddesses of weaving
Of Nerli and of Vecchio well content
The snow-drop fragrant, with leaf and vine
Oft from apparent ill our blessings rise.
The laureled wizard of the North appears!
Are Nature's heraldries.
Stands by yon green oak tree?"
And brought the tears on a happy day;
His voice, low, musical, recounted o'er
Emerita Deciano meo:
Of thy poor brethren."  Thereupon I turn'd,
This arrogant neck is tam'd, whence needs I stoop
the blades in the field ere they are ripe. For I have seen the
No reliques chafe the cold beams of the moon,
the loss of me his son, who am here fighting the Trojans in a
To the close closet of aeternity:
burn, crackle in the fire,
Of all thy great things done
And as he spoke her tender hand he press'd.
Straightway seeks her babe in Swamp-land,
I hold you here, root and all, in my hand,
From the wrath that is to be?
With driblets from his own still.
But have you thought, my dearest Dear,
If I have read your nature right,
Decorate homes with munificent hand,
God-set more facilely;
There was an Old Woman who lived in a Shoe
But what if he our Conqueror (whom I now
O, what Samúrai singers know
On its axis turned, --
Stay, oh stay! nor thus forlorn
Trickling down my legs was,)
And each one made a terrible grimace,
Here, in this paradise of light
And with songs bewitched their children;
Less and yet more than kingly.  Opposite,
Mature, when first engender'd!  Ancient father!
Confine myself to generalities.
I will not say what more might then be done,
I keep, tame, with my morsels fed,
So long, till the relenting marble wears;
To the good of all thy people,
(When I had gazed around)
You too had pondered mid your jesting strife
With light that through the whole of heaven is spread
You hear the petty jeers of men
My future grave athwart,--
Of all who ever jeopardized a throne
May not unseemly with its stillness suit;
All yesterday they fasted; soon
Mother black bear, gaunt and hard chased,
To thee I pray! Answer my greeting lovingly,
Though asleep not in sunshine, like islands afar,
That another form for the girl's should stand
The Lady fair who makes thee strong for heaven.
The fruits and all the creatures at your breast dewily fed,
And all around the candle the crooked shadows come,
Into a robe;
The bishops have the water blessed,
saying, and stood by the stranger and spake winged words:
In thee this Union let _Amira_ find.
And waste externals of a perished face,
pictures or stories from the ancient mythology, as at ii.
Young Peterkin he cries;
With soft and silent tread.
A scampering at the "Fountain" inn,---
Thou art,' he said, 'to pierce the obscurity
Now, limb-relaxing, it masters
And more and less the monuments are heated."
I sat there, I heard a rustling
All nature wor wearin’ her mantle o’ green;
Libations thence they lift, and o'er their heads
And is it in the flight of threescore years
Mighty to slay and save.
When I sought a place for resting,
"You must choose between me and your cigar."
So spake the Son, and into terrour chang'd
Her child was with her; then, grown sad,
Be silent, babbling woman!
Accept him at your table or your club.
His armour shining bright.
Rejoice, O Earth! No longer grieve and mourn.
In number did outmillion the account
In that original sin, by which all fell.
non me Chaoniae uincant in amore columbae
Scratching against the walls and furniture, and nicking
Till my glad honours bitter woes became.
O comrade of the early years that bloomed,
Which we had watered with our holiest tears,
To captivate the native taste.
And to fire the penny cannon in the bow.
He diversified too his Hades
If he could live awhile, if he could live!
Upon Saint Crispin's Day
By cultivation now would they diminish.
Still speeding to its close on restless wing."
But, oh! the sights and sounds of dread
Blindman's Buff
By a generous Prince's wrongs.
Dame mouse patters
The clock is on the stroke of nine,
His love and affection by all ranks are sought;
Here evermore was Spring, and every fruit;
In that delightful land which is washed by the Delaware's waters,
Flutes so musical and mellow,
Nor lifted to the light its drooping eye.
Bellowed and thundered.
How easy can the barley brie
I smote away the filmy base of Caste.
Tell us, who ever lov'd you, and now would serve your ends,
They nick-named him "the mug-beguiler,"
And, afterwards, there came those marvellous days
I'll on domestic scenes now dwell
Few were the numbers she could boast,
convent's narrow lawn!
That echoed oot when'er Macfee
And climbing for a kiss prevent their mother's haste."
In sports and dances press the downy glade,
He never had been known to miss
Oh, summer-footed Vivien came!
To shield this hell-spawn, loathed by all who love
But is as level with the destin'd aim,
To frontward of his end;
Now 'tis away: Sc[=i]ence has pierced man's cloudy common-sense,
This is the Mermaid Tavern, sir, no doubt?"
Upon the beast, and thus his life was ended!
Betwixt me and the noonday light,
On either side the wooded slopes come down,
I ween, so base a treason knight ne'er will do again,
And she threw her ebon arms around me:
Till tidings of that Bark should come,
My waked eyes felt the new day shuddering
Lo! With a hawk of light thy love hath caught me.
On the blue back of the broad-sea,
Not since the world began;
No sorrow brings he,
The sad survivor cannot see
Then Eldon sowed the seed of equity
How it increased cannot well be told,
"I won't stand such injustice! It's wrong, beyond a doubt,
Yes, give me a land that hath story and song!
While thou, beloved one! art far from me.
Brave brother, let us here remain
Unsuccessful in this branch of business, he subsequently sought a
Has left his dearer self, the music of his soul!
When we shall clearly know and understand,
With clipsome lightness, dwindling ever less,
Lydius ediderat Tyrrhenae gentis haruspex?
Breathing our welcome to these vernal vales;
Or red with spirted purple of the vats,
The mighty master smiled to see
You're the biggest blackguard that I know, right and left,
Sing to the serpents,
How fully hast thou satisfied me, pure
Those clouds of aery gold
As you are now at this moment, for the last time in my life;
Perhaps thou'lt have from me what thou demandest."
Should Juno's awful spouse give thee to win
'Whence come you?' and the brook, why not? replies:
Of Earth before scarce pleasant seemed.  Each tree,
Lay sleeping in the marble mine--
Which loved the morning-star of Tuscany
They seemed that Manhood to dilate.
In deep deliberation on the length
Nor could the triple world withdraw
Which dimples at the twilight's sigh,
Seek farther, farther yet, oh Dove!
Camden read it out
Who with the left wing suffered a defeate,
All torments that beauty could fashion,
And yet in his _own_ time, "The Lord will provide."
With sight to pass the frontier of all spheres,
All depths they sounded, and all heights they sought.
`No trifle,' groan'd the husband; `yesterday
Of human sympathy a store,
What are changes of empires, the wreck of dynasties, with the
Where feebler crowns and fainter stars remove,
Brave effort ne’er was fruitless yet.”
He in his wedding trim so gay,
To thy side I lie so near."
Nor Troy-town, ever, with a blaze so bright,
"That comes well from you. Look at your own cuff."
But trial by jury for ever!
Then bends her parting step o'er fall'n and rustling leaves.
The land is open to your seed,
When they behold the brave oppress'd with odds,
Influence of other Greek writers
(93)  Luke Robinson, of Pickering Lyth, in Yorkshire, was member
Fulminat Euphraten bello, victorque volentis
The Rapids are near and the daylight's past.
His hair is silver,
In love's delight; whose mighty task was done
But not, perhaps, as was intended,
Through future years a ling'ring strife
Back he answered, "Sink or swim!
descended in a direct line received the arms borne by his
the hollow ship, all as he was in the sheet of linen and
But the hut, though soon found,
Parting the elfin billows with a sheen
dextera prome pios et numine laeta sereno
"For sharp is the outer air, and, mark me well,
Betwixt the starres and Phœbus fixed light,
_Striddle_, to straddle.
Meadow green, and mountain gray,
And yet such magic sweet, that once is tasted,
The wars about Sebastopol,
To the ground the foe was changing.
Whether the strands be dark or fair,
Then, pierced by keener grief, in accents wing'd
“My dragons; through the air their course direct
Upon their frames when from the cars they fell
Those who ask not why.
Where'er thou lightest on a cup of wine,
He's loosed the reins, and spurring on that horse
Suit well the tangled wilderness.
So haste to dip 'neath ocean, or what check
Passages in italics indicated by _underscores_.
They feared he would stay in Clover's home,
Forth with the travail of the day
They took us captive, us, born frank and free,
Those are pearls that were his eyes:
When love stands by a grave.
So they shone and sang till twelve
And swift to save she braved the wave,
Kind o' volcano she were,
Must imitate the northern gales
But two of them stayed with the old guitar.
I love snow, and all the forms
"You are self-willed,
Bending her white, weary head
In the ocean billows he hath bathed fair,
The boors, the yard-long shafts are flying;
Forget not yet!
But ere the motor went aboard
O'er Lybia's desarts, and the gory drops
Sing then, and Damon shall attend the strain,
Firs, pines, and pitch trees, and the tow'ring pride
Whose lights are fled,
Stranger! I tell thee true; my mother's voice
I shall but make a feeble recompense.
White as the White Ensign are the bouldered heights of Dover,
What mortal eye can fix'd behold?
Without the lost perfume.
Who hath felt with sense grown dim
With noble notes of perfect prayer!
Make me thy lyre, even as the forest is:
The clear, broad sky looked bluer than its wont,
For me, dear girl, when yester eve we met,
And my divine Althea brings
As last night to blow the trumpet?
I've half a mind to die with you,
The favour of his friend to buy.”
AND the lord of earls, to each that came
To fold the flags of war, and lay
The monarch, like a trembling steer
At once the Muse's midwife--and her slave.
And sorrowes of the Hierarchy
Still had she of the treasure / of Nibelungenland,
In a red leather thread-case that snapp'd when it shut,
Have languished into silent sleep;
Breathes hopes immortal, and affects the skies.
Sing the ancient songs unbroken,
She, when I am gone, will take.
When thou dost plunge into mine eyes thine eyes,
Seek'st thou, in living lays,
When they were mended, they were done.
The dulcet symphony of Paradise,
Your service for country there's nothing can mar,
When I have drunk so deep of heartfelt woe,
"Bird, do you dream of our home-coming day
Like the life of summer hours;
Was tyrannous and strong:
And tho' Pan's death long since all or'cles broke,
An' watch beside a loved one's bed, an' know
As morn and eve your coming used to do;
And, deepening still the dream-like charm,
Bole, a hole, or small recess in the wall.
Grieving as though a kinsman died.
See--a Courtenay stands by his quatre-foiled tomb,
Gaze at him with a spectral glare,
In vain--that form, the cause of all his woes,
Then Christabel stretched forth her hand,
From Instinct sent, to rock her in disease,
Between the trees, as if a star had come
Que sobre el alma humana
Be happy! for the time will come
loneliness,
I've never asked 'im to dinner, but he'll see it out to the end.
Clos'd was her eye, and from her heaving breast
LOVIATAR, _one of the daughters of Tuoni, and the mother of the
The hucksters haggle in the mart
space, therefore they had placed the ships in rows one behind the
To hard assays his courage willing flew,
I see by ilka score and line,
Our call and counter-cry,
With eyes grieving on space,
And shake their shivering lustres, till the night
I've heerd yon church bells peal;
These letters here. This matter leaked, of course.
Of heart-pulses throbbed thro' the river,
And bore her first to land.
Boys and maidens pure of stain,
Lady Marg'ret lang ere day--
I gotta sign up"--and he did.
Though his high light possess such burning glare,
Down the broad Vale of Tears afar
Like the morning's sheen,
Go on, my Lord! I lang to meet you,
The wayward struggles which have proved in vain,
The rankest _Hellebore_ cannot prevent.
From the endless calm of your dawnless night?
Forced him five rivers to cross, or he
With chill hoary wing as ye usher the dawn;
Yet gallantly and with heroic pride,
Better service He'll bestow,
His sonnes doughters, his seruauntes and his wyfe
Live, as the wolf does in his bone-strewn den!
Wide-eyed and tender-eared but bold.
Seeam quite abrupt;--
I am content.  You are my life, my all.
With its arms about her mouth;
Thus saying, from her Husbands hand her hand
And wondered how much for the show he should charge,--
Four its lonely night encampments;
Be so the jugge stonde upriht,
standing, menacing, silent, the mechanics, Manhattanese,
But if such longing and so sore the heart within you hath,
And all my Christian blood hymned fervently.
Had Ogle (7) done as much as he,
To see the solar flood of radiance leap
Save under pall with bearers.  In one month,
quickness of their vibrations.
Hit arn ronk, hit arn rype & redy to ma{n}ne;
Swarms of bees and chafers, the little musicians of the world,
Light o'er the rugged steep.
As oak from elm.
It was the time of midsummer
When the robbers came to rob him.
"As thro' a torch-race where from hand to hand
Saw Tellervo in her beauty,
And tried what she could, as a shepherdess should,
To boste the scyence: nat hauynge the doctryne
There to dream of scenes of childhood,
Lick'd and blazoned the depths of hell,
And paid little heed to the soul's simple sinning.
Come, thou Spirit of Norway, God-given of yore
Then rain and night I found, but straight again
Can Kumbhakarṇa’s self withstand,
But once within the wood, we paused
'Where now I have no one to blush with me,
Your past is past and never to return,
Of ship-host burnt on Eryx shore why should I tell the tale?
They may yet be used for clothing,
Lays a sorb-branch on the fire-place,
As now, is mute.  The land, that gave me birth,
Thy rage the Phrygian felt, who durst aspire
Settled a gentle cloud of melancholy;
Passed--with thy courage to depart;
Will, in its flight thru empyrean path,
to hold the horses on picnic excursions, and to
Ordeigne his deputacion
Oh! hush thee, my baby, the night is behind us,
No friends must visit, if they did,
While each was in quest of a fugitive love;
stalwart Antilochus spring upon you to strip you of your armour;
Boy, when y'r up against it, get y'r back agin' a fence
Si canimus silvas, silvae sint consule dignae:
When I look in her eye,
Where the small waves dance, and the young woods lean.
Leaving the old, both worlds at once they view
Ere he of the forest, the god who hated,
Thou canst not love disgrace me half so ill,
The following heaven, that has so many eyes,
His fame on ruins of Shakespeare.
College mate of mine, a poet and man of literary and refined
up and down certain rivers, and would camp for days and
As heavenly seraphim...
Gathered like a sprig of summer roses
Unkindness never came between.
Of loving fond, of roving fonder,
One body with two heads, like you and me,
Something, my friend, we yet may gain;
"Corn rigs are bonny."
Returning home each one exclaims
In bower or plaisaunce under summer sky,
Mermaidens' tails, cool swards,
The empire which is justly thine,
When all my works wherein I prove my worth,
Fast he stealeth on, though he wears no wings,
His bonnet it is blue, jo.
Whereon Biserta's sack is painted fair,
Knowest thou the land?  So far and fair!
Sound with the war, all cities of the earth
The snows and the camp-fire, with wolves at my feet;
But oh! what terrors must distract the soul
Whilst the gay lark seems, with a livelier voice,
Or heart o'erladen with desire or shame;
God! how I watched them from the darkness there,
That I loved with all my strength,
And what shall I say if a wretch should propose?
Blooming in the sunny ray:
Brought proofs from Galen or Hippocrates--
Hid Indian guile and Tory hate.
All is naked here!
Thus, having your couple, and one a lord's cousin,
The prince came in and said't was cold,
And because to-day so many
If I thy troth possess'd, lassie,
I toss to-day; for you and I
A dark cloud of sorrow fell upon Laertes as he listened. He
High o'er the rest ascends the blaze of fire,
Whose swift obedience to her mistress hies;
Now as this lord came straying in Rome town
La sumisa enamorada:
We seek Thy wider liberty.
Out of the heaven and the earth
O paradisial land of old Ionia;
"She waits thee at the gates."
Are not as I am, lying here,
To-night I close my tired eyes
Soon vanished in a violet sheen;
And all beset with flowers.
Tē lĕ' ma chos--the son of Odysseus and Penelope.
But I will have more wonder seize upon thee.
East, ah, east of Himalay,
To ask her questions I was much afraid;
I shall it call: if 'twas not pride,
So I, in silence, arm'd me, while she spake,
Decurrens alio, neque si bene: quo fit, ut omnis
The parents being dead and gone
Said the aged Väinämöinen,
And Charles's miserable end,
It was that she, a little mind, had tried
Art thou departed, to what land, what sphere?
And as thy; lips the tear-drop chase,
While there's leaf in the forest, and foam on the river,
incipiency.
But you fought like a wounded lion
THE mist is fast clearing.
'T would pierce my bosom through;
What joy must in their souls have stirr'd
'Tis the chief of all your duties--
Full to the brim of thick lethean juices,
And merry laughter rang throughout the hall.
the country of the men by Iordan widely besieged by
The swift swinging iron shovel
A dame who kept up discipline among
Give them drink at honeyed fountains
Of heaven and earth, makes kindred human hands....
Laddie, my lad, when ye gang at the tail o' the plough
In the pleasant orchard closes,
This is the one good use of ill-got wealth;
One a tradesman frank and bold,
And men tear them asunder.
Her horn the pale-faced Cynthia rear'd,
Nobly, hath forced the gates and burst the bar.
Companion of their way.  "O!"  I exclaim'd,
"Odyssey" was written was one that would be unlikely to know
O poet! a new nobility is conferred in groves and pastures,
They seemed to see above her brow
‘Stand off, stand off!’ said Henry Martyn,
Panas quae Dryades montiuagos petunt.
As in the cut fern lies the imaged tree.
The writer wishes to express her gratitude to the Art
(ll. 2338-2347) Then Abraham laid his face upon the ground and
Though all things perish, Beauty never dies.
I crave thy friendship at thy kind command;
I borne sublime in air can stand
Betimes the enforced accents come,
An ancient gem more beautiful
But all my children have gone before me, I am so
And would be prompt my cruelty to shend.)
Is the creeping Spirit of Evil,
Shall advance a token likewise,
He climbs, he pants, he grasps them.  At his heels,
Of many a pleasant realm and province wide.
And ere the sunshine of the Desert jars
The sky in a silence of wonder,
All this, no doubt, thou to thyself hast urged--
Hear him, ye deaf, and all ye blind, behold!
What avails the maiden, / be she favored ne'er so well?"
To clouded opal changing momently,
A short-lived reptile in the dust of earth."
The folded valley lay
They are all gone into the world of light,
Dead our Duke, and gone his Duchess;
Speed away upon the blue-sea,
Yes! yes!--but, oh, our human rose is fair
She meets my ravish'd sight,
Her great brown eyes were veiled and sad
The chiefs upon their battle-chariots
The vision flames through my mood
Is weak and powerless as a trembling king
And he grew thick and strong;
But I am restless for the subway's roar,
Seems but a mossy shape--yet so
Or shall there come at last desire of waking,
"Meanwhile the highest buildings of this town
mundo cum ueniet dies,
If nivver before in his life,
Ere he has crossed an acre of the land,
And fancies fond with gaudy shapes possess
'Their golden wine cups flowing o'er';
Now thou's turn'd out, for a' thy trouble,
Will surely tempt her wandering feet.
With wise and wary visage to and fro
Falling cascades murmured low,
Of sunset-light is formed each wall;
And all the beauty that is thine; still thou
Full fifty years for what a man may learn,
In the little ol' log cabin in the shadder of the pines.
O come--I send a leaf of tender fern,
present, I very humbly beseech you, my very dear Lady, to hold
This worst regret to one true heart could speak:--
Ye cloudy spark lights, whose vast multitude
All tempting light departs.
The deathful secret to the king reveal’d.
The beauteous, seraph sister-band--
And that Brian Duff no longer rules as Lord upon the hill:
This furious knight had done,
Soon as the Matin bell proclaimeth nine,
Maun toil baith ear and late.
an eclogue. In 1784 his comedy _Las bodas de Camacho_, on
Where was he born?
Had to-day composed a song.
Shone o'er them when they died.
The weary time he took.
Should you want a book of poems that will bring you into fame,
The crown the years have brought you, white and chaste.
And woe on the false fairy flag of Macleod,
And he cried while driving onward:
And opening soon a passage to my heart!
Like to a globe of iron which is tossed back fiery red
Withoute good discrecioun
Make me, I fear, to here appear
the inner court at the doors of the room wherein I lay; but when
And rustle in the wind--
We bring it him to kiss it: and if it shocks his pride,
And garb him in a guise of common clay;
A most romantic detestation
Aim high, press on!
The turmoil and the torment, it has, I swear, a sweetness,
towards Erebus; but yourself turn away from them as though you
I lived with ev'ry nerve upon the strain,
Huge beasts above that shining sea,
A written sheet was held.... And strange to hear
And thus sche berth hir peine stille.
Love with bow and quiver,
Be that as it may, on the very first day
I am a jolly tramp: I whine to you,
This does not sate him, but without decretal
the Moon in the heavens, and Proserpine in the infernal regions,
As you have meant, old friend of mine, to me
Here was the camp, the watch-flame, and the host,
And fool themselves with pleasure or renown;
A little tournament at Bridge is my
“Appal not; yield ye thus to female howls;
To which he answered: "Poor desert of mine,
Awaits me, if thy close of life be come,
That independence Britons prize too high,
Ash of the Loam was a lady at home
For I could give no answer clear
Stay here and woo another; that were far better done,
v. 101.  My predecessor.]  Celestine V. See Notes to Canto III.
So strained they twain with grapple of brawny hands.
He pricked his fingers very much,
The gate must be opened, and opened for me,
“More beauteous than the ripen'd grape; more soft
story, Virgil is the Apollo who has this dispensing power.  His
"Never will we cause thee trouble,
Not half so far casts his usurped sway;
And corns that mar her trips!
How mit klingen of glasses
And, as in means, in mind all torn.
And left the shuddering human creature bare.
With amethyst unpriced;
For the resurrection day:
Of byrdës mery syngynge.
Or guard thy young life valiantly,
To smiles or tears or verse.  The world is ours
Night is the city's disease.
The small neglect that may have pained
Never again shall youth be mine.
Than a simple girl like me!
“O counsellors, the Vánar host
And linket at it in her sark.
I've seen them 'ide their liquor
Of secret murder, or the lone lament.
And high o'er the rest,
If he knew that he'd done wrong,
Yet absolutely there's necessity that I have courage for
drooping
God's poor from suffering!
Thro' Erin's Isle,
Deep in the heart-yearning distance of heaven it flutters -
In a sorter realm of dreams
A tradition, where poetry and religion are the same thing, has
Himself for mine Himself assures.--
Beneath a vault unsullied with a cloud,
These gladly now would leave behind,
And Autumn, weary of the chase,
The drifting snowbanks their unbroken white,
Midst the troop he explores;
Then decked themselves the strangers / in garments richer far,
For Greece, the Moslem fetter spurning,
In speeches heard at any public meeting.
New passages and secret pores, whereby
And with our former cause we kept the faith,
Fell her kirtle to her feet,
There in the darkness lie friend and foe together,
Ye sonnes of Venus, play your sports at will!
I tell to all:
 The 10th, 13th, and 14th verses allude to the subject of the
Shielded by faith, with truth begirt,
Let not that wisdom idly fall.
the meal which a goddess and a brave man were soon to lay before
English legends of Eustache are to be found
For well I know that soon the heavenly powers
Its fringing violets blossom yet,
He seeks, and acquiescence of his soul,
Be it not seen in either of our brows
At last they rode up to an inn:
The sea bombards their founded towers; the night
While others hinted that the waists
experta, qui sit, senties,
United diligence hath well supplied
Some fragments of thine angel-song,
Fou{n}deȝ faste on yo{ur} fete, bifore yo{ur} face lokes,
To make her drink affliction's cup,
While Anna begged and Dido raged in vain.
The Bluebell cannot charm me now,
They shout: they bear him back; and, whom by might
Not far that stood from the Monarch’s knee:
To send abroad a shrill and terrible cry,
In fume and fire to sheathe us and balk us of our prey.
Himself and Juan in their mutual stations
My son, long exercised and trained
(So name his consort), or the contrary.
By that high fencer, even Death,
I'll not change my wife for gold or siller.
This cornice after just repenting lays
I 'll woo their sweets, e'en for thy sake,
Gauwaine be friends now, speak me lovingly.
Hail, O fair Sirmio! Joy, thy lord is here!
Stand like columns in the ocean,
But, having drunk of it, shall feel again
Who all things now behold more fresh and green,
While near the hoary headed sage,
As mud between the beams thereof is wrought;
Unto their mind, voide of all blemishment;
Persuade not thee, angelic pen;
An’ nah thee bonny face iz pale,
From his hand the cup of wine has fallen,
If other reason prompt not otherwise,
Canto XIII. The Sacrifice Finished.
It is not a metaphor, though, 'tis a simile;)
Of love that comes to this!
See how they gather!
Batter'd or burnt; and in wide ruin falls
Her heart is fed on Heavenly bread,
A caldron of four measures, never smirch'd
Until the King espied him, saying to him,
It suddenly drops...
I turn and look another way,
Rose-morals in English literature probably begin with
With liquid light the marble bowl of earth,
By one, who at a distance loud halloo'd,
And hold it up, and shake it like a fleece.
That stern, fixed gaze; and stood spellbound until
borne for nine whole days. And on the tenth dark night the
Which round about the wave inthrals:
F was a Farmer, and followed the plow;
A baron and his wife their steps address:
One that his progress was quite slow,
And departed too.
That valued life, the joy, the soul of mine!
When Tophet spilt, 'n' in the roar
Go! thy brothers oft will hasten to thee;
What note of triumph can her clarion breathe,
And a flickering fire of bog-deal
And softly crooned some sweet and dreamy air,
Th' easy earth that covers her.
Thim aigles sthrong
To the water falls the pike-tail,
The singing folk with all their lute-playings;
The bloody Islamite's converting steel,
Only a sword to pierce her heart in twain,
Affrighting the nations!
The first rose, a rose for my own country dear,
Baby, baby, lay your head
Felix quae magis es nati per funera mater:
Till a nameless pleasure found me
What know ye of her grace and melody,
For me; nor can I save or e'en defend
Bear me softly to the tomb;
And pirates from Bagol that spills
A lonely word of eternal thought
Sing out, children, as the little thrushes do;
The Spring is comen in:
From us there is no need to hide,
Up his visor raised;
With first approach of light, we must be ris'n,
But round the corpse unnumber'd lovely things,
But make allowance for their doubting too;
Omnia nos itidem depascimur aurea dicta.
Scratching the moistened match-heads off the wood,
I first 'elped at the duck decoy,
The courage of the soul must gleam in conflict
That passions wild can ne'er destroy,
And travelled to your land of Arcady.
Do thou, O King, of grace comply,
So thumb and finger went to work
_Wagner_. Excuse me! you're engaged in declamation;
A kindly Heav'n gave me to Golf at last;
weeping, and LUCA with gestures of terror and distress.]
Have wide fame.
Hooting, laughing in the forest,
Then, like a meteor off goes great King Richard,
Who knoweth me knows the eternal God!
Diana's apparition."
Above it into the white of the skies,
Of silver:
Through months that seemed all June and May,
But me, from whom thy comfort tarrieth,
From his hurdy-gurdy the waltz is sublime;
How to avenge their dead, and strike him where
Yet were she willing to be plucked and worn,
Any longer London town?
And like a crag was gay with wilding flowers:
And they, that lovely face who view,
But gathers a wreath for his bier;
The crisis past with Albia stormed and won;
for necessity is laid on me? This is the manner of beggars
And drowsily
A murmur and a sigh along the air,
That bears the earth upon his haughty crest.
Every migrant is my fellow,
Turn that daintiness, a poet, -
energy lying unprofitably idle." So she claps an ugly gray
Occupied, felt at once their courage fall'n.
Within yourself, when you return him thanks.
Rifles, equipment, packs.
conditions for the nurture of genius in his picture of the poet's
able to overcome and slay his younger brother. That was a
Uttering hopes and loving-kindnesses
As other knaves wait room to stink and shine;
Perch'd on the wither'd holm, with fateful cries
How have I Labour'd to Depress the Pride
Fitzwalter, I would have some private talk
For each one of his enemies was Christian,
I should answer, I should tell you,
Says she, "my father's so contrary.
She would not love.
The twa appear'd like sisters twin,
Past reflections, oh! how painful,
For he fond of his oghne wit
Goes forth unto the ends of all the world;
Rejoice!  Again I say, rejoice!
The road winds out its weary way,
Threaten the head that I love.
The nimble lads upon us wait,
What likeness may define, and stray not
When thrown among the Lilliputians.
That youth who dreams
'Twixt this an'thet, I'm plaguy lawth;
But soon he paused his cause to try,
'Why do not words, and kiss, and solemn pledge,
Against the outgoing sea
How will you bear it from your brothers?"
Were chambers wide and excellent,
Most certainly I will;
Hither, at once, with her attendant train,
Are the fields wasted?  Spilled the oil and wine?
And the sense of the matter is quite obscure.
I am now composing verse--
Then her father answered sternly,
They told in truth, how Gunther in Hungary should speed.
Left free the human will.
How shall I seek the fight? they have my arms.
And saints on Gothic spires,
Now all the songs are sung,
Hard on the push of the fray; and among them King Agamemnon,
Yellow brick and grey flag-stone
XLVIII. "Then bade her fly the country, and revealed,
For the heavier is their earthly woe,
Of other's worth.  Four daughters were there born
Moats of blinding amber, bastions of flame,
After the hard day's shearing, passing the joke along:
The Flowers of the Forest, that fought aye the foremost,
For I will go to him who once was here,
As the evening wind goes over, and the fishing heron feeds
Each is an avenue leading
Ne’er has he sinned against thee: how
'Twas when the golden orb had set,
I'm not a proud man, but I truly feel
To the gloom of some desert or cold rocky shore,
His equal mind I copy what I can,
Bot nou to mi matiere forth,
A sweeter flower did Nature ne'er put forth,
Articulation answer'd, once did live,
To joyous mood, that through the covering shone,
Till Priam's city fall: nay, though the rest
Y emplazándose, se para,
Quick of hand and of heart, impatient, generous, Western,
The bird of dawning singeth all night long;
An' spends a evenin' in the pit
To-morrow, night will come again,
Of the imprison'd herd, he slaughter'd both,
What is most dear: The task that brings
Lo, the brother orbs around, all the clustering sun and planets,
To eny wiht, or me bewreie
The snow which doth the top of Pindus strow,
When daylight is gone and darkness brings dread,
All the bushes on the margin
But, alas! in vain she prays--
O! dearest father, in this agony
The hermits’ holy fire is laid:
No greedy riches knowes nor bloudie strife,
My heart in my bosom is black as a sloe!
Own gold seems captured by the weeds;
Hath any a wish not circumscribed by these?"
'And till you pawn the swallow
_It should, in the first place, be written from the original
Eh! I know, mun! who knows better?
Would drown my feeble undertone.
Till on the earth the sun arose:
With the proud heron-plume.
We trod the Fools' Parade!
Heard by his mother unawares!
Of faery meetings beneath the moon
Our days of happiness, at best, are short
A couplet worthy of Homer. Yesterday you had enough of my
And where she was going, I could not but ask it,
For my delight this precious thing.
But most, an alderman struck apoplectic,
Bin a-fishin' clean fum de dusk of night
I'll be content with my fountain, I'll drink from my own well,
In all I pleased, but most in what was best;
Gitche Manito, the mighty,
The Franks few prisoners made, and many slew;
for comfort in terrors. The cup he took,
But weeks grew into weariness,
Under the stars he mocked me--therefore I killed him!
My thoughts ran into harmonies,
Be it ever so smart, none thinks he hath wrong;--
With turtle wing and amorous clouds dividing;
Physician, lawyer, and divine
'Tis come! the fateful hour! list! list! the bell
And in wild rocks of green retreats
And once when there, and clambering on a mast
He knowing I shall use them to my harm,
Lovers and poets, tell, I pray,
Blending in sweetest music like
Of God, as with a Mantle didst invest
et dubios casus et caecae lubrica uitae
(Right side uppermost) home; or shall give notice where
That heart, where motley follies blend,
With cautious freedom if the numbers flow,
And each high impulse of the soul
Flew away o'er seven oceans,
Where she 'mongst savage beasts doth find
Suddenly paused in the sky, and fading, slowly descended
And pledging each other, as I do you.
Of lucre and ambition; and the truth
The silent monitors that tell us all must die.
And my gaze was thronged with the sleepers; no,
What voice of ours could break the silent spell
Of the deep-fork'd Olympian to convene
“Long in one form, nor holds its pristine shape;
Then spread the robe, and to the daughter fair
And I love to look up
There shall be feasting and a sound of song
Belike on a passing bier.
Our noisy years seem moments in the being
Then the thought pierced through the breast of Dmitar,
Mother! flowers that bloom'd and perish'd,
That conquer'st."  Lonely each, my guide and I
Þe portaleȝ pyked of rych plateȝ
His Waistcoat and Trowsers were made of Pork Chops;
They walk out of the wood, showering shadows on flowers.
Thee I beheld, upon that highway drawn,
Lines that would do,
middenheid, top of the dunghill.
And his might pass for a fair stroke in list,
Lemminkainen, full of mischief,
Such gifts for me have value slight;
Thou ne'er wilt from the world obtain it--
So sad and sad a rake he is!--
And swam back again into Bree.
And little baby wee wee,
I am a woman and a queen, and where
And curse the busy fool, who _wants a head_.
"King Dives in the garden, we have naught to give or hold--
Full well I remember the day,--
et sterilis cathedras basia sola crepant.
The Myrmidons with tears Patroclus mourn'd.
"Hither, ye airy rabble, come,
And lively was the drinking within that royal hall,--
Till they reached the blue lake's margin,
And some to hewing ribs and knees;
Th' unhop'd event his heighten'd soul inspires:
Glory ye in dust and shadows?
I would command strange creatures,
O pallid, pallid face!
Behind the steps that misery treads
slender wisp of a girl she was, not more than ten
And in four countenances I descry'd
conversation."  Dec. Giorn. i. Nov. 8.
Of an error that left the sting of crime,
With solid, as the Lake with liquid fire;
John slept, John snored; then ope'd his eyes
But when Love from Faith is gone,
Over the stones
That conquest gave.
then became she knows who afforded me the cause.
To-morrow were too late.  Hast thou not heard
These, the light of the stricken eyes of love,
That never learned, and yet became a teacher,
That fits his fanciful romaunt.
Up in the West, on which the sunset's flame
Sit nox cum somno, sit sine lite dies, etc.
He over him did hold his cruell clawes,
Who hears or sees or heeds thee,
She will not be persuaded.
'Cause "he wa'n't 'spectin' dogs was there."
The hunted worshippers were madly driven
Is the proud palace.  He who fast in hold
Bore down for a spoil from above,
Her sovereign chambers, and her kings with terror eclips'd?
Air, "I ne'er could any
Nor mouth from kissing, nor from wine unwet;
To break her will, and make her wed with him:
It was about the lovely close of a warm summer's day,
And serve their lord Sugríva well.
 Immediately inside the door of the Icelandic dwelling was the
I know a valley fair,
Nil est, _Munati_, nil, iterùm canam,
Though mute; but two hearts make a chord
Heeding not his brother's warning,
A great deal, of the Lady's Maid,--
'Just my luck!  I was 'off' to-day!
We have piped unto you, and ye have not danced
Bird-wise to summer lands?
He paused--the word the vassals took,
And all its sides already understands.
That no well-water's gleam resembles.
Mid stranger souls, and far from home,
His secret sin is safe in his possession!
We lock him up in de smoke-house cellar,
Enough's a feast, content is crowned.
(He lost the charter of our rights)--
Another gay garland,
With a head of golden ringlets,
A tread on shingle timed his lame advance
And the Great Bear from her shoulder.
I read the legend, "Ephraim Bard.
And pass the veil, and Allah's secrets know,
O! do not let me pray in vain--
Out of the black into the blue,
And his step seemed light and gay;
And workmen died, and young ones grew,
Dat am sho,
That I only live in pleasure,
Making that queer little
Dame Jill had the job to plaister his knob,
’At’s thrawn on t’chaamer floor:
Where China's gayest art had dyed
_P._ The candid reader must determine.
“Your ear with words superfluous. Whom you seek,
To Rosa, written during Illness.
When o'er the moon's gold-litten crescent there,
Across the terrace with a bound
Bore the brunt of wind and weather!
Charg'd with no less amazement: whence my view
Picked from the thorns and briars of reproof,
Though now and again she may condescend
Blinding sweet, O great god Pan!
Week by week on the crowded town.
"Who shall put life in these?--my nightly dreams
Thy phantom life thro' day, and high enthroning
Wainamoinen thus made answer:
The dinner-things removed,
His name to thee,
And all my sinful heart was hers
Dad Flood 'as nearly 'ad a fit to-day.
Lightly he plac'd us; nor there leaning stay'd,
How many pleasant thoughts, how much desire,
A lonely crow sailed past me, black as shame,
Windows are flaming with jonquils;
From the bright eyes the sunshine may depart,
Still my bosom's love I 'll cherish--
Then some, repentant, sadly drooped their heads;
And pour'd the murmurs of the wounded heart:
Young was I and small of stature,
attain to true perfection, it expects thereafter to be more than
The Phidian dream, in one concentring all                 }
To murther one another.
Discard soft nonsense in a slavish tongue,
Dat de preacher know
For one of us, may still be for another
Has cost a mine of Californi' gold!
Which buttresses and props but scarcely bear;
And clouds of tempests mount the blue serene,
As they lay the coals upon it.
Wha wadna be happy
Witches, witches, none for me.
O Master! though all men shall be offended
His legs in the service, and fetching
... It seemed life held
Where with their courses hauled
A Shape of Ice, for the time far and dissociate.
Attend to Famine's feeble moan;
There, mustering round him, all the Teucrians throng,
'Neath what a vital darkness, amidst how terrible dangers,
Far beyond the eagle's soarings,
Of his goodnesse he gladed hir anoon,
"What do they do in Baby-land?"
Yet had tasted of Love's Garden:
But Nils clenched his fists and he swore 't was a lie.
Now again it happed on a day that he sat in Regin's hall
"O, mine's a mere romancer!"
My downfall, and the street was paved with eyes
Sae droops our heart, when we maun part
And once a man was there all night,
The breaking heart,
By Susan ere the floor was clean.
Her youngest Brother brought it home;
But thy eternal Summer shall not fade
And she knows, with wilful paces,
"For the _flesh_ of the VÉRYS--I'll visit their _bones_!"
Nane sets the lawn-sleeve sweeter,
At length the Arabian Maid recovering speech,
And he saw, ere his eye was darkened,
Each man with his notions of death,
The harp of love, when first I heard
That is so trewe and worthy, as ye see,
And daunce to the music of your chaines.
And call down angels from their glorious sphere,
And dolefully echoes the wild-fowl's scream,
In that I was a fool, and lastly blind
To Pope's infallibility.
Whence he came four years ago;
Cockscomb and peony fine,
You must be patient with me, gentlemen,
When neither edge of hunger now they felt
And they press half a score of us poor honest men!
Here are the tired limbs springing lightly
Make me over in the morning
However true their show;
Ne'er have been brought to bondage knights of such peerless fame,
So now,--at the paddle by no means a dab,--
Just like comets in the ether,
Do you hear the call of our Mother
But when you're in the trenches
I fed its roots with streams of milk;
A lassie all alone, &c.
A warrior stern was he
Our Lares shivered on the hearth,--
But each year, unawares,
The heroes that were made to strut
Took flight and shot the dark with frosty crashings
Brought to my knowledge what his cheer conceal'd.
Ten or a score, our loyal oath to bind;
By different ways the cavaliers withdrew,
Togither vowit to live and die,
The Sun sends forth his radient beames to warm the ground
Poor man, he sunk neglected to the grave!"
And written in thy mind thou hence shalt bear
There are such weary little lines about the mouth of
Of those, who load them with committed sin.
“Nor Hesper sinking, saw her labors cease.
You shall see a fox die
But thou, meantime, the while the batch is sound,
As he that played that secret tune may turn
Before his eyes he thinks they present are,
Lie there, thou cur!  No wife shall fall on thee,
Who left me in mine halls one little child,
His finny coursers and in triumph rides,
And thou shalt bear this written in thy soul
One day when he missed a fly ball,
"And what is that? You only put me off."
methinks, that long time he will abide and seek tidings in
Asteris et uati totam cantata per Vrbem,
By inattention what the Chaplain say:
Fair marks are they to the inner bay, the reckless poacher knows,
So mov'd she on, against the current, up
And hewing at a stone!
Abantes. With him they came, fleet of foot and wearing their hair
From all life, as from its germ,
So they two soft to one another spake.
As well might be supposed he'd do,
And sometimes white bread crumbs;
Cooms yance i' seven year ower sean.
Her stem:  a foam-bell on a wave that swerves
Of blessed work, bloometh in godlike spirit;
And libels, and lying, and Liberty poles,
A glass and a toast and a song and a rhyme
I wander through the wide-spread realms of night.
Long, long shall I rue thee
"Bring not here an idle maiden,
son of the poet's sister-in-law Earl of Somerset. From this long-
And forth three chiefs came spurring
Or else the heart that loved so true will break.
I spied, hung on that sapling's gilded arms,
Of those who were older than we--
The eyes that soul doth hearken unto soul.
--To Abib, all-sagacious in our art,
He hath discharg'd himselfe in all and part,
To wake the hill they loved so well,
The wrong I did thee, Satan, in those griefs of yore.
Pater hercle tuus, ille inquit, maledixit mihi.
And his bright wreath was fresh and gay.
Then marvelling at their ancient fame, he seeks
When I have borne in memory what has tamed
All the malice and the mischief,
Sae lovely, and sae fair to see,
Baptizing in the profluent streame, the signe
Thou smilest from thy leafy home.
Others whom onely glory doth bewitch,
She said she was Eudocia, that Yorghi was her sire;
The Virgin and her infant Son,
of all fruit, I will mention one curious statistical fact,
But he, withouten show or change of cheer,
I chanced to meet an old man clothed all in leather.
heightened by the rich funds of antiquarian lore possessed by the
Upon this simple folk "with fire and flame,"
Is dear at midnight to the sailor's eyes,
"Thistle-down, Thistle-down, whither away?
Would you leave the mother who on golden grain has fed you?
Las mares espumosas por do hienden!
consistency, possibly "a hobgoblin to little minds," but,
And began to bleed afresh,
If thou would win my love,
Yes, I would live longer some trophy to win,
It was God's will, that while through town and tower
And the ancient game of war.
Who dwells yonder above the golden stars?"
Youth, from thy bosom welled their passionate lays --
And what soul knows thee now?
... He prayeth best, who loveth best
And freendly tales, and with mery chere,
Hunts after bloud; when he by chance doth find
And first _puts in hand_ my Lord Chancellor Eldon.
Had, by slow and sure degrees, translated it
Back into that wild glare of obscene pain!
Because unfit for war or worthier meed,
Lies with her infant lamb; I see
Rough from his mother's bosom, round in air
You shall hear how Hiawatha
From the coming din of battle,
wine, and let their wives become the slaves of strangers."
And whatten kin' o' wark had ye there to make?
And the wrack drave on in haste.
The smell of something burning,
We are heroes in fight for the Just and the Right,
Come to Him and wait for them, clean, new-shriven,
About with Gregory Wenner, fill the heart
Those cut-throat bandits in the paths of fame,
Upon the distant clock-tower of his church,
And now all summer she sits and sews
And he never got home to his early tea.
good Escorts turned toward me, and Virgil said to me, "My son,
An' for auld airn, the smashed débris
My Guide meanwhile was moving, and I went
They soon were lost to sight and sound.
Upon the child, and said, "O little one,
And if it be neither of these, say I,
While nightingales make sweet the night
 "And one dark chaos gloom."--_Ib._
For I maun cross the main.
Over and over the Mænads sang:
Venció del ancho mar al Trace fiero;
Announc'd a guest, who bore with winning grace
Thus shall they say, and thus my fame shall live."
Wither me if they spread not wide!
Thud! thud! upon the sand,--
Alight with laughter as they fall to earth.
And ase the boke of Rome dothe teAEsAEs,
And to forget it, the chief aim of life,
A helpless trunk supinely, at full length
Unnoticed and unseen, began
Body a-purr with pleasure, sleep untroubled of dream:
We met him in the runway called a street, between the
Thus sang, unto the sounds, of oaten reed,
Ae nicht when Jock was gey weel on,
Lines on the death of Mrs. West
And such my love of song, I sleep but half the night-tide rarely;
But fayletb, trusting on his owne assurance:
Hate ends before the pulses cease to go,
It rains on the umbrellas here,
That I whose heart goes up with the soaring woods
Then, to end all disputes, I entwined
Who gives himself with his alms feeds three,--
Out to frolic in the sun.
Far clearer than the threshing-floor
_To the casuals now enjoying hospital hospitality at Kenilworth
She implored the sportsmen,
"The rule was false, and the prize was pain,
If it be to-morrow day,
In all the dainties of a brute bemired!
Then woe to your vile, polluting horde,
And above him the lurid skies
From ferny hollows, where cool waters laughed
As any king's son you might lightly see,
And when this life is o'er
Even worse, before I perish!
What went ye out into the wilderness to see?  A reed shaken with
No answer comes, and none will be ordain'd.
And steepy Alps, the mounds that nature cast;
I recollect that I was bound to sing
Stream of fire of wondrous beauty,
Tom Becket, Mammon's most industrious imp!_
From windward where the low clouds muse
Wrong rules the land, and waiting Justice sleeps.
"Gorstruth! what is the matter?"
We seek a city splendid,
Of two and fyfty wyght yonge yemen,
And so for him will I.
Benedict fleeing from the gates of Rome,
The waving of grasses,
sea, and on the eighteenth the dim outlines of the mountains on
Frae aff the castle wa',
Fain would twine in
On paling and pavement and tree;
Put in something now besides powder and wadding.)
And keep me night and day;
And that gave him the Maidens Three,
Sounds the strange speech of the pilgrims,
In her habit and hat, with her glad golden hair,
Then saw I sprinkled over all the sky.
What is love? 'tis not hereafter;
stretching out both hands before him. Peneleos then drew his
Safety find I at death's door alone,
What she hath never felt, the pang of woe,
So into the manger the Christ must go,
She knew her husband, he his bride,
He can but let hope set the course
The moss-covered bucket which hung in the well.
With trembling shades and whirling gleams,
Are the coasts of death so fair, so fair?
Many miserably shrieking--cast them down upon the earth,
Mally's rare, Mally's fair,
upon heaped leaves....
Each form a phantom, and each word a lie!
Thus is no meruayle though this way be playne
Than Satire for my homely muse?
His daughters, and all the enchantments they bore--
And my heart is broken--it's strange, you know.
For the third time this week Nurse has come in to say,
And dreamily smiles at the peach-tree leaves, wherethrough
A chance but chance may lead where I may meet
But loss of blood has made him all too weak:
amour of the light and air,
O God of all blessing and beauty! to love, to obey
That clustered round her head.
Deep down still aches as of old!
Agastya’s hermit brother there
In love they lived, in loved they died,
'Neath his merry periwig.
The warm, delicious, happy summer rain,
Under its loosened vest
And Papa went to know their different yields
And was himself the ferste of alle
For such a "one-eyed, melancholy Bear."
Edged planes against the sun:
Fer 'lectioneers to spout on;
I cannot rear ye straight!
He sent a flagstone on the warriors.
A thousand sykes, hottere than the glede,
_"Oh, since Love is all so short, the sob so near the smile,_
Being fixed on all things loved, all things unloved,
Beyond the reach of those whose claim
Didst urge against me, and with visible spear
They are gone, one and all, at duty's call,
Sang the wizards with their arrows,
A land in thrall to ancient mystic faiths,
The Heaven above, that oppressive wall;
But our sick Hero, as the verse
_Virginia._ Courage, ay, courage! I am brave again.
A dying heart, a deathless past;
Sweat breaketh forth on me, and all my being trembles,
Free until then, and lofty turrets rose,
I cry, as thro' the gloom I steal,
The which they in were bringing upon the board to set.
Drawn and deep-driven implacably! The tide
A loss these evil days can ne'er repair!
To vex with provocation rude of speech
Dark be the clouds to-day,
But boldest is of these the English peer;
They lived in bitter enmity;
And God's right hand!
She crav'd assistance to her favourite spot;
Therefore to its fate he left it,
The mountains ring the mesa
Hills, torrents, woods, embodied to bemock
Before its living nature's been begot,--
Though I have known thy stars, yea all, and chosen one.
I gave her books to read, encouraged her,
And from its lowest base uproots the trembling town.
Achilles hath allow'd his noble heart
Shall reach the Evermore!"
Of new acquirement, with full store of friends,
Pale, bitterly afflicted, he
To the turtle-dove that listens, while she gloats
Of such a stately mansion, and have giv'n
And, as the hours dance on, they, too, are fleeing.
of America.--Their uncultivated state.--The first planters of
easily as a god can, and hid him in a thick darkness. Thrice did
Why should I rue or reck?"
I fall upon the thorns of life! I bleed!
Thunner--_thunder_
Yea, hold it in Thy hold,
Under that prophet tree, thou standest now;
And endless love proclaims He _is_!
Flashed from their depths, and, with a little gasp,
As soon as the bright sun is shining,
assumed the office of a teacher, and began these holy words: "The
Thence let me view the venerable scene,
They parted--a pallid, trembling I pair,
To Marmaduke, cut off from pity!
Through the barn-hole pops the owl;
Within this weary body—love is rare,
An’ leave are poor hoams, or stop there an’ dee.
Of wandering youths like me!
Be thou the image of a thought that fares
And gates of Ilios she traced in the sand,
Wherefore the more ye be holpen and stayed,
Many at heart have justice, but shoot slowly,
No song nor dance I bring from yon great city
In love als wel as other weie.
And he came at noon, that Gardener old,
He spake; they heard him gladly, and at once
And now appears more foul, as angered sore,
My heart brought up, from its chambers deep,
With these and others like to them, I saw
Such seems your beauty still. Three winters cold,
When all the bells were ringing.
A hunter has stabbed or shot, whereat her heart
Todo galán pretendía
There, sad, he met the brave Euaemon’s son,
Such a rural Queen
Then leave that hill that gleams with ore,
For being a bit of a swine.
The dead of other days?--and did the dust
There stood the Goddess, and in accents loud
A breath-bubble of fire, will carry,
Pleasure 's a sin, and sometimes sin 's a pleasure;
A longing seized me, and I sighed in secret,
Cannot learn from him the wisdom,
All I ever had I gave away.
Poor Blackbird lost many a stick from his nest;
Undeveloped; the second, firm jointed and long,
Of this glad being, if thine eyes are held
And they tell the tale of his charity
This night of gleaming floods and falls,
With him, sweet bard, may fancy die,
Et ille nunc superbus et superfluens
That smile hath might of magic art,
Great elder brother of my second birth,
They mind me o' Nanie--and Nanie's awa.
Circean peaks and vales of Avalon:
Which decks with foliage dense the grove,
'Thou, Collatine, shalt oversee this will;
Or a thief might come and steal it.
No bird is this, it soars beyond my line,
Which goad a man to hurt the very thing,
Sprung from the prince, before whose matchless power
& pyȝt me i{n} perleȝ maskelleȝ.”
I have no voice for song.
From thy swift circuit?
Till the Red Man knew no hunger,
His arms deserved.
Twice-eyed with thy gray vision set in mine,
The friends I love should come to weep,
Such were the needs that helped his youth to train;
Sounds--they will have thee, sure as eggs is eggs.
And you hurled your bold defiance at the Wild.
Where Holland's flats are drowning,
My poor Alexis, then, in peacefull life
No Arden now calls up the wrong'd and lost;
Begin, and somewhat loudly sweep the string.
Went glittering 'twixt the blue sky and the sea,
This is Puss-in-Boots, so clever--
And of the fearless gleeman; with forethought all was done.
Like her, shall wait to see, and seeing wait.
The soldiers leave the field with equal fear._
I know not how I came here, to the valley,
Hell's handicraft in London Town.
And thundering in his battle-gear rejoicing doth he stride:
I want a pension.
O for thy wings, sweet bird!
Lapland-children cried in terror,
The dew is wet
My Adonis, and seekest the Acheron portal,--
That love, their own divine, may change or end,
But that I had died when I was young!
Bog, clay and rubble, sand and stark black dearth.
May gaze into thine eyes,
"We to the left, of the long months spent
Thy world is peopled for me; this world's bare.
Two I choose to know the secret--
Has scarce a single trace of him
For now we hear, and now hear not, the words.
The noted sea shall change his name with me,
Estas sus viejas hystorias
There is never a cup so pleasant
All material bodies are either elemental substances or compounded
Somewhere the birds are singing evermore.
I walk, I lift up, I lift up heart, eyes,
Clouds and the beating showers,
"O for the purple harvests
I love her cities old and new,
And natheles upon som side
Though flowing broad and free
Thus spoke the Nestor of the plain.
Through the telling of the causes,
Is Kingly; thousands at his bidding speed,
Despair in my bosom is sighing,
That polishes the dart.
Spirits, whom fame hath note of.  For the mind
If his words were true,
Shuffle, rap,
His last breath was drawn.
Keep watch along the wall, dividing danger's post.
So close, the heaven of blue is seen
'Tis of the wave and not the rock;
And if you're a child going to school,
De prices ain't high!
He bent and crept, in doubt, and fear,
I care not what fate may send;
This simple child has claims
'O bring me back a little white heart
Yet they, and the troops armed only with quiz and
Without you, O the insufferable eyes
How little Gold deserves a thought,
Who dwells on Rishyamúka’s peak.
And you should come in deepest grief and woe--
Everything is waving,
She need not be afraid,
Joyous and splendid the presage,
A burning town, or seeming so,--
Is girdled by the mighty deep,
The fat begins to fry:
Recall their retrospective splendour;
With folded hands and dreamy eyes,
Modestly bold, and humanly severe;
To fade, a meteor, paying for the crime
The larger heart, the kindlier hand;
And yet accurst, in that revolving quest
Salty wuz a printer in the good ol' Tribune days,
In the midst of this earnest conversation, Mrs. Star rose to go,
And children dragons fear.
Idly counting each ill that ails?--
(2)  "Zazamanc", a fictitious kingdom mentioned only here and a
And by a river bank for water flowers,
And if you blossom into manhood
Whether I walk the streets of Manhattan,
The house of blessed God, which men call Skye,
Ulysses stopp’d; to him Tydides bore
Drops in some combe, then checks his headlong stoop
Th' unblushing dames of Florence, lest they bare
For half a brace of bouts, a tribune's pay;
Come, face about and fight me, lumbering sneak!
The fingers of a vagrant breeze
Don’t blame thy mother:
And granted silence, thought and solitude
Their prophecy, little one, we cannot know,
Through seven cities, ye all know,
And was content upon their will to wait,
And 'twas thus with many others,
There stood a window near, whence looking down
On the walls' left--the river flanked their right--
I had devised a certain tale
O sons of men, return! repent! believe!
To the Queen, my mother,
Thus, thus with hallowed foot I touch the ground,
De una poma tal vez enamorado,
my hand drop lightly on his arm.
Has held the holy Church within his arms;
Just, faithful to his vows, and true,
Of the Achaians in far other sort,
Night, and all her sickly dews,
Or like an angel smil'd;
And still clung to, was in my struggling hold of it unshipt,
I worship the greatest first--
Their daily bread.
On this merry First of May?
Here nor hereafter?  That I soon shall know.
And lends to life a new and tender grace.
Marrow of man. The rest (their portion ground)
Lo, from amidst affliction's night
And murmur'd in mine awe-struck ear;
Frowning on his pains and terrors.
And the weak vessel totters on the main:
extinguished," and coming to the time of which it will be proper
He spake, and straight his lineaments began
"For instance, England;--let them take
“Hadst thou amidst the billows been ingulph'd,
Glad in his gladness that comes after thee?
Blessing all that he has blessed,
Nay, from no fount impure these drops arise;
Begonne upon the See debate,
All that, in scrapes like this, is left
The race's glories shine:
daughters of Zeus, lord of the aegis, and Leto is glad at
Upon the verdant grass fall dead both knight
Shatter the pauses of the organ's whanging,
Unlike to sleepers, from their trance awoke,
That bustle so illustrious
Cross the seas, and win his ain.
And underneath whose canopy expir'd
Let the luscious South-wind
And bowed were both, with great desires fulfilled;
Ladies, though to your conquering eyes
Unwieldy timber-trees, in waggons borne,
But laughed in all my lovers' eyes
with a fleece upon it, for the stranger to sit upon while he
The foes have perished. Dost thou see these fires?
Of him which oghte forto dye,
A life of love from words; and light that fell
Are long, sharp, curling Horns, and Common-sense.
Now I go East and you stay West
Refreshed we rise, and for this bread that feeds,
'Heed him not! there's truth and friendship
When I am standing on a mountain crest,
But he was seated by my side:-
With deeper influence from the Imam's voice,
If she were any bigger."
That was as lord high admiral obeyed.
To the God that brightened your eyes?_
Like others, then, can grief, poor brook,
But their voices are lost in the dashing tide.
Ox won't drink water;
Into an empty space.
O Wind of the Dawn, we have waited thee long;
On the lone waters' shore
With many doubts opprest,
The cow has a horn, and the fish has a gill;
I tell you in certain;
See if thou canst pay the tribute,
Not rather dead love's harsh heir, jealous pride?
Sell the cattle and the horses,
Much sense the starkest madness.
Both sterile of sound and dry of juice; and throw
So foul were his breath and the words that he said,
Warmth of earth, and cloudless wind
If so it be, then all iss lost;
Then squeal like stoats when bombs begin to fly.
Shall fling down shadows to obscure my sight;
Teach me the way, and ope the sacred gates of hell.
Who sent the reinless steed,
To give sign, we and they are his children, one family here.
"Is there any youth in Lapland,
Underneath the wooded headlands,
To the nest swinging under and over,
Thou hast struggled through the surf
But mingled fond
lubricus error et erubuit:
And pews are fitted up for gentry.
Which they often smoked together in their councils, was the type
But still I rejoice when the travelers rejoice,
Forbad her first the house of Averill,
Art's pictured halls, or triumph's laurel'd towers,
So stoutly.  Whence like two enraged goats
RUNE XVII. Wainamoinen finds the Lost Word
out to that end. Then I found Odysseus standing among the
And know thou that full surely / a mighty monarch he;
Who is there can sing of a more divine thing
free as larks i' t' sky aboon;
Quite conscious of the sprig above,
Are pledging life and heart and hand,
An' you, just smashed to think I had to croak....
In the dark mansions of the deepest hell;
He brought to me the ring,
Shall bow to thee their knee.”
A smiling, fair-hair'd girl. She scarcely flung
Till my last pulse ticks
That's worthy to wave o'er the tents of the Free.
His rage unquenched, his wrath unsatisfied.
Telephus, whom to aweless Hercules
How long is past my knowing--
And flatt'ring ivy, two recite their plays,
So I am found on Ingpen Beacon, or on Wylls-Neck to the west,
Yet seems the young king's aspect no long life to foreshow.
Marphisa recognized the duke and peer.
The Pratie, in place,
Leo’s Digest
Timid hand has lift the latch;
Expert, brave Hector and Patroclus strove
Fatidici genitoris, adit.]
Hath mett Loue's noon in Nature's night;
An' shove 'im un'er yō' coat.
In maiden glee with garlands deck;
And the faith of the poor is faint and partial,
And glancing back on long delusion,
He, too, had tears for all souls in trouble,
As Sylvio did; his gifts might be
What may your wish or purpose be?
An on the mid-finger she has three,
Bent on the sand and traced its rings awry,
Be patient and previe.'
The Porter shows his ed,
Yet each to keep and all, retrievements out of the night,
And all the life of life is gone?
In unsuspecting pomp; twitched from the perch
Become so wondrous dear,
'Tis a fire, but unconsuming;
No cloud of smoke from iron funnels thrown
Of the broad sea first his bold sails untwined,
And burn the threshold of the night,
Its door to none shall barred be,
No Will-o'-th'-Wisp mislight thee,
The Way which thou so well hast learn'd below.
"In guerdon of long duty,
A life with purer course and aim,
To the castle he was borne.
And closely pil'd by rough Sclavonian blasts,
how delusion should have made us admire what
(This is a moral that runs at large;
And if she chanst to turne her head aside,
And joy fulfilling the Law;
never in my power to escape unconquered.
Not that which bondmen from their masters find,
Where Jaggard's cat, with clever paw,
Or from the sum remove at least a bit.
SEIGNEURS, French for Lords. 2, &c.
Poor, hapless beast, thus left by all below,
The glory of His countenance,
How fiercely does the conflict rage within,
Well "Ciren-cester"--one OUGHT to say,
Ascending the mountain they slacken'd their pace,
That formed and marked my soul.
Eleven days, at his return, he gave
If this broken fraction of time could extend
Rest equal happy both; and all who prove
At last I saw the shadowed bars,
Sure through six circlets flew the whizzing dart.
Pine with regret, or sicken with despair,
Give back the heart you stole from me,
Inspire the heav'nly-breathing air,
Moving like a darker shadow,
Till at the last, in slow-drawn cart, she went
But boden go to bedde, with mischaunce,
And once more yet, ere I am laid out dead,
But, at a signal from their admiral, all
Teeth insthrumints,
And then men mark and deduce
But let that pass!  Yours yet will be,
Why should that discomfort me?
cut. Gianni del Soldanier  I think is farther on with
As Cytherea chaplet-crown'd employs
Thee, chauntress, oft the woods among
"Help, O king, for your people's sake!"
Let me but know Thy voice, and swift reply
We wonder that a cloud could overcast,
On his eye is so dreadful a scar.
When wearin' thro' the afternoon,
Pearly-purple and marble green;
To helpe himself at such a nede,
Yet I would first dry up my weeping eyes.
To banish strife;
That forest, how robust and rough its growth,
"Thou my mistress shall be,
The Cremation of Sam McGee
The road that leads to you.
For to enjoy the peace of mind
Whose limbs were struck with pains of ague,
 Spleen was thought to be engendered by the east wind. Cowper, in
So from before the Trojans Ajax turn'd,
'Tis Apollo comes leading
And, fool and blind,
Listen to the yell of Leopold's ghost
Y el valor exhalando que se encierra
Her pin-a-fore
These I have yet to see, perhaps yet more!
Mirth and youth and warm desire;
But most the blind unequal law
O, if Love shall live, O, where
And now I say woe, for the sad overthrow
She foundered on a rock, while we clambered up the shrouds,
And it's caused by my having my kerosene can